{
    "out_dir": "IoTpond_Result",
    "seed": 1234,
    "train_ratio": 0.8,
    "time_window": 1000,
    "train_mode": "without-transfer-learning",
    "gpu": true,
    "nb_epochs": 500,
    "nb_batch": 100,
    "noise_var": 0.0001,
    "valid_ratio": 0.2,
    "freeze": false,
    "train_verbose": 1,
    "MAE Loss": 0.30311938903578123,
    "MSE Loss": 0.15270033343259629,
    "RMSE Loss": 0.39076890028838823,
    "MAPE Loss": 140.05789260246507,
    "MSLE Loss": 0.05954762969648743,
    "R2 Score": -4.809634353214424,
    "Learning Rate": 5e-05
}