{
    "out_dir": "IoTpond_Result",
    "seed": 1234,
    "train_ratio": 0.8,
    "time_window": 1000,
    "train_mode": "pre-train",
    "gpu": true,
    "nb_epochs": 500,
    "nb_batch": 100,
    "noise_var": 0.0001,
    "valid_ratio": 0.2,
    "freeze": false,
    "train_verbose": 1,
    "MAE Loss": 0.6859977008569195,
    "MSE Loss": 0.5022322588787362,
    "RMSE Loss": 0.7086834687494384,
    "MAPE Loss": 85.31692866312814,
    "MSLE Loss": 0.25173358942044644,
    "R2 Score": -43.343993637996356,
    "Learning Rate": 5e-05
}