{
    "out_dir": "IoTpond_Result",
    "seed": 1234,
    "train_ratio": 0.8,
    "time_window": 1000,
    "train_mode": "transfer-learning",
    "gpu": true,
    "nb_epochs": 500,
    "nb_batch": 100,
    "noise_var": 0.0001,
    "valid_ratio": 0.2,
    "freeze": false,
    "train_verbose": 1,
    "MAE Loss": 0.36288493400734806,
    "MSE Loss": 0.16429991253668472,
    "RMSE Loss": 0.40533925610121296,
    "MAPE Loss": 120.84867693367998,
    "MSLE Loss": 0.10671020902716676,
    "R2 Score": -5.250951747427495,
    "Learning Rate": 5e-05
}