{
    "out_dir": "IoTpond_Result",
    "seed": 1234,
    "train_ratio": 0.8,
    "time_window": 1000,
    "train_mode": "transfer-learning",
    "gpu": true,
    "nb_epochs": 500,
    "nb_batch": 50,
    "nb_subset": 10,
    "noise_var": 0.0001,
    "valid_ratio": 0.2,
    "freeze": false,
    "train_verbose": 1,
    "MAE Loss": 0.07265008165261966,
    "MSE Loss": 0.01489272270707838,
    "RMSE Loss": 0.12203574356342645,
    "MAPE Loss": 74.85551704455212,
    "MSLE Loss": 0.026485048067849314,
    "R2 Score": 0.4334304689997721
}