{
    "out_dir": "IoTpond_Result",
    "seed": 1234,
    "train_ratio": 0.8,
    "time_window": 1000,
    "train_mode": "transfer-learning",
    "gpu": true,
    "nb_epochs": 500,
    "nb_batch": 100,
    "noise_var": 0.0001,
    "valid_ratio": 0.2,
    "freeze": false,
    "train_verbose": 1,
    "MAE Loss": 0.3701315261513786,
    "MSE Loss": 0.1685239051351503,
    "RMSE Loss": 0.41051663198359006,
    "MAPE Loss": 114.84667619228297,
    "MSLE Loss": 0.10889569252638845,
    "R2 Score": -5.41165769977305,
    "Learning Rate": 5e-05
}