{
    "out_dir": "IoTpond_Result",
    "seed": 1234,
    "train_ratio": 0.8,
    "time_window": 1000,
    "train_mode": "pre-train",
    "gpu": true,
    "nb_epochs": 500,
    "nb_batch": 100,
    "noise_var": 0.0001,
    "valid_ratio": 0.2,
    "freeze": false,
    "train_verbose": 1,
    "MAE Loss": 1.0220269157191935,
    "MSE Loss": 1.063380481394639,
    "RMSE Loss": 1.0312034141694058,
    "MAPE Loss": 127.94376607623484,
    "MSLE Loss": 0.7121674054398728,
    "R2 Score": -92.88990147110168,
    "Learning Rate": 5e-05
}