{
    "out_dir": "IoTpond_Result",
    "seed": 1234,
    "train_ratio": 0.8,
    "time_window": 1000,
    "train_mode": "transfer-learning",
    "gpu": true,
    "nb_epochs": 200,
    "nb_batch": 100,
    "nb_subset": 10,
    "noise_var": 0.0001,
    "valid_ratio": 0.2,
    "freeze": true,
    "train_verbose": 1,
    "MAE Loss": 0.3685274855374884,
    "MSE Loss": 0.16209825619523477,
    "RMSE Loss": 0.40261427718752696,
    "MAPE Loss": 99.99789118688125,
    "MSLE Loss": 0.10808559927457863,
    "R2 Score": -5.166765795272494
}