{
    "out_dir": "IoTpond_Result",
    "seed": 1234,
    "train_ratio": 0.8,
    "time_window": 1000,
    "train_mode": "pre-train",
    "gpu": true,
    "nb_epochs": 500,
    "nb_batch": 100,
    "noise_var": 0.0001,
    "valid_ratio": 0.2,
    "freeze": false,
    "train_verbose": 1,
    "MAE Loss": 0.33191630824073803,
    "MSE Loss": 0.1315937920292497,
    "RMSE Loss": 0.36275858643076897,
    "MAPE Loss": 50.091068106107386,
    "MSLE Loss": 0.059105429783214855,
    "R2 Score": -8.899436223892279,
    "Learning Rate": 5e-05
}