{
    "out_dir": "IoTpond_Result",
    "seed": 1234,
    "train_ratio": 0.8,
    "time_window": 1000,
    "train_mode": "pre-train",
    "gpu": true,
    "nb_epochs": 500,
    "nb_batch": 100,
    "noise_var": 0.0001,
    "valid_ratio": 0.2,
    "freeze": false,
    "train_verbose": 1,
    "MAE Loss": 0.4651738210019632,
    "MSE Loss": 0.22193199633261015,
    "RMSE Loss": 0.47109658917530933,
    "MAPE Loss": 51.764702205482294,
    "MSLE Loss": 0.08466425445247903,
    "R2 Score": -28.591427349785498,
    "Learning Rate": 5e-05
}