{
    "out_dir": "IoTpond_Result",
    "seed": 1234,
    "train_ratio": 0.8,
    "time_window": 1000,
    "train_mode": "pre-train",
    "gpu": true,
    "nb_epochs": 500,
    "nb_batch": 100,
    "noise_var": 0.0001,
    "valid_ratio": 0.2,
    "freeze": false,
    "train_verbose": 1,
    "MAE Loss": 0.3658462160801785,
    "MSE Loss": 0.14571197636827057,
    "RMSE Loss": 0.3817223812776382,
    "MAPE Loss": 55.43008144273431,
    "MSLE Loss": 0.0675651669449447,
    "R2 Score": -9.9615080990627,
    "Learning Rate": 5e-05
}