{
    "out_dir": "IoTpond_Result",
    "seed": 1234,
    "train_ratio": 0.8,
    "time_window": 1000,
    "train_mode": "pre-train",
    "gpu": true,
    "nb_epochs": 500,
    "nb_batch": 100,
    "noise_var": 0.0001,
    "valid_ratio": 0.2,
    "freeze": false,
    "train_verbose": 1,
    "MAE Loss": 0.26134306130822527,
    "MSE Loss": 0.08256452268890217,
    "RMSE Loss": 0.2873404299587898,
    "MAPE Loss": 46.63845940049586,
    "MSLE Loss": 0.031212854013038433,
    "R2 Score": -5.211100190297892,
    "Learning Rate": 5e-05
}