{
    "out_dir": "IoTpond_Result",
    "seed": 1234,
    "train_ratio": 0.8,
    "time_window": 1000,
    "train_mode": "transfer-learning",
    "gpu": true,
    "nb_epochs": 800,
    "nb_batch": 50,
    "nb_subset": 10,
    "noise_var": 0.0001,
    "valid_ratio": 0.2,
    "freeze": false,
    "train_verbose": 1,
    "MAE Loss": 0.05125701645539162,
    "MSE Loss": 0.005306611005511993,
    "RMSE Loss": 0.07284648931494224,
    "MAPE Loss": 67.06646514386001,
    "MSLE Loss": 0.02368240932141529,
    "R2 Score": 0.7981185732300928
}