{
    "out_dir": "IoTpond_Result",
    "seed": 1234,
    "train_ratio": 0.8,
    "time_window": 1000,
    "train_mode": "pre-train",
    "gpu": true,
    "nb_epochs": 500,
    "nb_batch": 100,
    "noise_var": 0.0001,
    "valid_ratio": 0.2,
    "freeze": false,
    "train_verbose": 1,
    "MAE Loss": 0.4640491071812271,
    "MSE Loss": 0.2320542766167334,
    "RMSE Loss": 0.4817201227027301,
    "MAPE Loss": 57.162376584102745,
    "MSLE Loss": 0.09505259882788049,
    "R2 Score": -19.488953435479818,
    "Learning Rate": 5e-05
}