{
    "out_dir": "IoTpond_Result",
    "seed": 1234,
    "train_ratio": 0.8,
    "time_window": 1000,
    "train_mode": "transfer-learning",
    "gpu": true,
    "nb_epochs": 500,
    "nb_batch": 100,
    "noise_var": 0.0001,
    "valid_ratio": 0.2,
    "freeze": false,
    "train_verbose": 1,
    "MAE Loss": 0.30887909309185146,
    "MSE Loss": 0.1210987535041663,
    "RMSE Loss": 0.3479924618496302,
    "MAPE Loss": 158.16886706413325,
    "MSLE Loss": 0.10734093180277429,
    "R2 Score": -3.60732116737519,
    "Learning Rate": 5e-05
}