{
    "out_dir": "IoTpond_Result",
    "seed": 1234,
    "train_ratio": 0.8,
    "time_window": 1000,
    "train_mode": "pre-train",
    "gpu": true,
    "nb_epochs": 500,
    "nb_batch": 100,
    "noise_var": 0.0001,
    "valid_ratio": 0.2,
    "freeze": false,
    "train_verbose": 1,
    "MAE Loss": 0.4330428922701323,
    "MSE Loss": 0.20286973611662845,
    "RMSE Loss": 0.45041063055464003,
    "MAPE Loss": 53.26902136666693,
    "MSLE Loss": 0.07922519689818347,
    "R2 Score": -16.912139510476695,
    "Learning Rate": 0.0001
}