{
    "out_dir": "IoTpond_Result",
    "seed": 1234,
    "train_ratio": 0.8,
    "time_window": 1000,
    "train_mode": "pre-train",
    "gpu": true,
    "nb_epochs": 500,
    "nb_batch": 100,
    "noise_var": 0.0001,
    "valid_ratio": 0.2,
    "freeze": false,
    "train_verbose": 1,
    "MAE Loss": 0.21684930819717146,
    "MSE Loss": 0.06469752899566307,
    "RMSE Loss": 0.2543570895329302,
    "MAPE Loss": 31.791031098693562,
    "MSLE Loss": 0.025252403327514734,
    "R2 Score": -3.8670157783250847,
    "Learning Rate": 5e-05
}